Datum	BTC	ETH	BNB	XRP	SOL
2020-08-16	0.04454396578	0.1346323694	0.09998682996	0.07303508516	0.02691952591
2020-08-23	-0.02231669079	-0.1042029777	-0.07378109679	-0.06704809774	-0.04173234925
2020-08-30	0.005396581229	0.09335145219	0.07767507368	-0.006269613014	0.3099477274
2020-09-06	-0.1326598326	-0.1954157249	-0.02047853134	-0.1654621467	-0.3591056514
2020-09-13	0.007443804185	0.03787889233	0.297665774	0.009625831523	0.05232214344
2020-09-20	0.05529540606	0.01252965704	-0.1691378032	0.01776187477	-0.1300190488
2020-09-27	-0.01346258301	-0.03720248379	-0.002473035674	-0.01298348373	0.09807541572
2020-10-04	-0.01003885137	-0.01442562981	0.09844626303	0.01872713905	-0.2255373192
2020-10-11	0.06377193569	0.06000175351	-0.01529583391	0.029800767	-0.03945564274
2020-10-18	0.01172792926	0.01050164516	0.07208152946	-0.05318242995	-0.08963021722
2020-10-25	0.1245445527	0.07082311397	-0.01748107022	0.04409807229	-0.2115853236
2020-11-01	0.05471024387	-0.02290357179	-0.0544357172	-0.05330593494	-0.1086759092
2020-11-08	0.1173574424	0.135653072	-0.004274538971	0.05571286491	0.2931707136
2020-11-15	0.03066532384	-0.01378598486	-0.02608516431	0.06040668163	-0.05486899811
2020-11-22	0.143236992	0.2230185658	0.08129087995	0.503848756	0.05282590676
2020-11-29	-0.01253806786	0.02863800472	0.002724230859	0.305373391	-0.1162445247
2020-12-06	0.0625815611	0.04286467518	-0.02019626719	0.02550484762	-0.03441839548
2020-12-13	-0.009571263892	-0.01818475931	-0.01177994416	-0.1899016973	-0.1643165612
2020-12-20	0.2014990359	0.0773121009	0.1628782971	0.07897436432	-0.004212413684
2020-12-27	0.1137654959	0.0709590341	-0.01885072175	-0.6712957773	-0.1817205222
2021-01-03	0.2276377191	0.3562165183	0.2031068882	-0.2313440851	0.5131547341
2021-01-10	0.1450172054	0.2484971357	0.02738855834	0.3344102821	0.4597232242
2021-01-17	-0.06277954572	-0.01753372622	0.0785353325	-0.1266101051	0.1039446109
2021-01-24	-0.1049217634	0.122103816	-0.09223147699	-0.01477743148	-0.05340254088
2021-01-31	0.02549620242	-0.05913606413	0.05811827385	0.5937998195	0.1588806413
2021-02-07	0.1589879827	0.2052680743	0.4330594076	-0.1680461719	0.454242208
2021-02-14	0.2248572726	0.1107800867	0.6869388631	0.3470394337	0.2633882172
2021-02-21	0.1670271647	0.07132737683	0.7762134352	-0.08349396218	0.2395799331
2021-02-28	-0.2405209739	-0.3092681078	-0.3397302	-0.2703549063	0.1670318589
2021-03-07	0.1215989362	0.1958200482	0.1329720436	0.1134403802	0.05417940496
2021-03-14	0.1457286233	0.06825879606	0.09196141426	-0.05867063836	0.04549212678
2021-03-21	-0.02780013636	-0.03587196254	0.005354544511	0.1624813477	-0.008563236193
2021-03-28	-0.02782715165	-0.05532839054	0.01416327793	0.05464481876	0.2310911283
2021-04-04	0.04254699727	0.2073358973	0.2620991802	0.1518855307	0.2747069523
2021-04-11	0.03046517118	0.03580657177	0.4104878019	0.7551085648	0.1582383671
2021-04-18	-0.06635820212	0.03842734024	-0.08838861212	0.04117066595	0.1492809698
2021-04-25	-0.1348448357	0.03725082973	0.04778367085	-0.3076509103	0.3825527328
2021-05-02	0.1424419051	0.2398776364	0.2080279031	0.4105082423	-0.01077400085
2021-05-09	0.02896289811	0.2854427928	0.06228639712	-0.01680168765	-0.05629205876
2021-05-16	-0.2266087187	-0.09114957891	-0.1592512631	-0.05691693877	0.05528935993
2021-05-23	-0.2925288789	-0.5357324028	-0.772174432	-0.6072631864	-0.6468095819
2021-05-30	0.02805500678	0.1293931236	0.2221304578	0.1370387823	0.1528456225
2021-06-06	0.004340579382	0.1280469297	0.1900879029	0.04448056206	0.3895516481
2021-06-13	0.08624412751	-0.07764108588	-0.07357865924	-0.06974741766	-0.08654407066
2021-06-20	-0.09173881075	-0.1119920109	-0.07585066822	-0.1318506113	-0.09333053567
2021-06-27	-0.02560064705	-0.123776077	-0.1533596358	-0.1771932743	-0.1001521296
2021-07-04	0.01675125275	0.1584782994	0.05598882306	0.07084187047	0.07205013225
2021-07-11	-0.02955172591	-0.08170990945	0.04618306152	-0.08952236387	-0.06315480369
2021-07-18	-0.07515716345	-0.1235719096	-0.06429022815	-0.08148413992	-0.1877554722
2021-07-25	0.1073836696	0.1463614711	0.001521516518	0.0340208763	0.05737084082
2021-08-01	0.1188324514	0.1545165971	0.09463089525	0.1767035645	0.1901790696
2021-08-08	0.09449730073	0.164232262	0.02728601322	0.07268667617	0.09713122601
2021-08-15	0.07008515493	0.09351414073	0.1917902261	0.4999033261	0.3519279711
2021-08-22	0.04710003517	-0.02111279337	0.0803231993	-0.0461454831	0.3071115643
2021-08-29	-0.009619586245	-0.004497436184	0.06685096973	-0.07202706684	0.2583661126
2021-09-05	0.059486496	0.2033305749	0.05100140272	0.1364636252	0.4100884554
2021-09-12	-0.1173674285	-0.148776093	-0.192756157	-0.1565625797	0.2048935209
2021-09-19	0.02608809386	-0.02245509725	-0.01866947182	-0.06446101169	-0.1318525162
2021-09-26	-0.09034304271	-0.08434879127	-0.172095025	-0.1052227359	-0.1188637451
2021-10-03	0.1104242357	0.1107675756	0.2243056665	0.1117832539	0.2431716636
2021-10-10	0.1257546569	-0.001027525175	-0.06328495178	0.07307852444	-0.1590088795
2021-10-17	0.1183838337	0.1193055688	0.1529833852	-0.03660257898	0.08175643274
2021-10-24	-0.01104941723	0.05941327226	0.01035184062	-0.01130267029	0.2330369925
2021-10-31	0.007328278371	0.04896826788	0.09763846956	0.02797576403	0.001729975965
2021-11-07	0.03169144221	0.07315334965	0.2137207214	0.09180754925	0.2094895954
2021-11-14	0.03487368069	0.003011121336	0.001845586497	-0.02649986857	-0.04522395776
2021-11-21	-0.1112313093	-0.08292827475	-0.1083013925	-0.1168469473	-0.03466189476
2021-11-28	-0.02324826074	0.008527963818	0.04568685421	-0.08714040758	-0.1385328165
2021-12-05	-0.1479860032	-0.02316378496	-0.09158736184	-0.185734	-0.0214552952
2021-12-12	0.01322429487	-0.01595913984	0.02216206297	0.04234724466	-0.1281712774
2021-12-19	-0.06975826812	-0.05113018803	-0.07366296132	-0.005136486238	0.04043302999
2021-12-26	0.08407160115	0.03491221775	0.03085173142	0.09694194519	0.09473908766
2022-01-02	-0.07119568262	-0.05964643268	-0.02858928701	-0.06907051425	-0.1148363173
2022-01-09	-0.1217769964	-0.1943853498	-0.1909462131	-0.131237928	-0.2249881776
2022-01-16	0.02842416141	0.0600009144	0.1279883629	0.03317530307	0.04959465041
2022-01-23	-0.1725762151	-0.2762543273	-0.2614220691	-0.2142227715	-0.3941093671
2022-01-30	0.04418070458	0.02438314893	-0.01760655125	-0.04392378136	-0.06725484146
2022-02-06	0.1122273514	0.1606189291	0.1072410369	0.126668549	0.2116510307
2022-02-13	-0.00775065931	-0.06207063879	-0.05381587026	0.1659489377	-0.2163786639
2022-02-20	-0.09123042682	-0.09077210905	-0.04445176257	-0.03639982283	-0.02320744782
2022-02-27	-0.01808056934	-0.001985195678	-0.05536718421	-0.07397926374	-0.05774215094
2022-03-06	0.01896381417	-0.02534926217	0.04054425532	0.004977198164	-0.01245609524
2022-03-13	-0.01688978792	-0.01406789414	-0.03694064781	0.04727198018	-0.0715553166
2022-03-20	0.08823519348	0.1287728065	0.07821054201	0.05812990823	0.1183332886
2022-03-27	0.126531544	0.1412993911	0.0967514037	0.0628926347	0.1888450306
2022-04-03	-0.009018337606	0.066400039	0.04518875296	-0.0173999217	0.2460481359
2022-04-10	-0.09601322504	-0.09490309724	-0.07441543846	-0.1114140109	-0.2090900991
2022-04-17	-0.06064472456	-0.06947601145	-0.02789073717	-0.003186830476	-0.1034915711
2022-04-24	-0.005762559665	-0.02269832398	-0.01936986311	-0.07424097741	-0.009228674186
2022-05-01	-0.02520151732	-0.03348491771	-0.0225697421	-0.1398335679	-0.1011926092
2022-05-08	-0.1223465262	-0.1142972902	-0.09124050347	-0.06958141838	-0.1737057909
2022-05-15	-0.08294862404	-0.1608690742	-0.1303653746	-0.2339309509	-0.247890059
2022-05-22	-0.03359298252	-0.04876242938	0.02215981782	-0.06048515375	-0.1142197842
2022-05-29	-0.02763937019	-0.1191764365	-0.04351294229	-0.08069488805	-0.1542141981
2022-06-05	0.01519242669	-0.004094075395	-0.02215332786	0.01580859031	-0.1550403596
2022-06-12	-0.1185475107	-0.2301884554	-0.1602990419	-0.1410402698	-0.229850834
2022-06-19	-0.2559250956	-0.2401374439	-0.1693758874	-0.05048107737	0.1106064507
2022-06-26	0.02230551092	0.05956229129	0.08379063732	0.09575571334	0.1415787733
2022-07-03	-0.08540868665	-0.1088461397	-0.06490911852	-0.1108817928	-0.165255523
2022-07-10	0.07702688402	0.08396900364	0.06832354778	0.01236491797	0.09479274355
2022-07-17	-0.003087329744	0.1360605874	0.05431386634	0.05324223882	0.05072107949
2022-07-24	0.08218586553	0.1769034516	0.053429832	0.04360286071	0.0580930135
2022-07-31	0.0311162374	0.04910902414	0.08080752607	0.05585620921	0.03410513059
2022-08-07	-0.005118834549	0.01306589033	0.1301736091	-0.01863242617	-0.04220035449
2022-08-14	0.04764417532	0.1295275108	-0.01624020702	0.009359608372	0.1000013534
2022-08-21	-0.1219132468	-0.1789963589	-0.05069689266	-0.08553643264	-0.2072794152
2022-08-28	-0.09551651641	-0.1258650222	-0.08788501575	-0.06746150931	-0.1807324718
2022-09-04	0.02248507165	0.1015629076	0.00935931958	0.02843793532	0.05496591132
2022-09-11	0.08739450617	0.1118103409	0.05642164821	0.06845006517	0.08433886207
2022-09-18	-0.1170350405	-0.2802152046	-0.1037438828	0.006734032181	-0.1178544872
2022-09-25	-0.03185739309	-0.03033924324	0.02997449198	0.3184537311	0.03909703496
2022-10-02	0.01317464726	-0.01393065093	0.03721359634	-0.09196009292	-0.008695706968
2022-10-09	0.01985839298	0.03570585272	-0.02309571479	0.1716742161	0.02647122863
2022-10-16	-0.009097267019	-0.01306939655	-0.02070166539	-0.1109053329	-0.08723232264
2022-10-23	0.01583310143	0.04363743096	0.01276225161	-0.0165013264	-0.02994336408
2022-10-30	0.05260594677	0.1534425313	0.1273984944	-0.02287046824	0.1177830357
2022-11-06	0.01339194157	-0.0140248537	0.07495063365	0.02733998723	-0.009762127557
2022-11-13	-0.2470213876	-0.2499144288	-0.2009009018	-0.3233499623	-0.9062250681
2022-11-20	-0.003043233153	-0.06710644278	-0.04514269981	0.05702799323	-0.07154327035
2022-11-27	0.009083186641	0.04424352516	0.1520938455	0.09359534608	0.1404349733
2022-12-04	0.04037706642	0.06919052676	-0.05273160154	-0.01705526895	-0.02946673849
2022-12-11	-0.001207929192	-0.01290127317	-0.02568693816	-0.02232699183	-0.02137936203
2022-12-18	-0.02050968227	-0.06539345877	-0.1249287588	-0.08488947411	-0.08066386429
2022-12-25	0.005594241871	0.02952449864	-0.03156878904	-0.01207605245	-0.08422483856
2023-01-01	-0.01287714893	-0.01502395087	0.004922077205	-0.0204565871	-0.130272836
2023-01-08	0.0302934032	0.07216139169	0.1176011679	0.01900919939	0.3691098219
2023-01-15	0.197679966	0.1851131755	0.09468165467	0.1078198297	0.4600057194
2023-01-22	0.0843274088	0.04712881087	0.002643755671	0.0405202585	0.05606563699
2023-01-29	0.04454626657	0.0105619289	0.04579968425	0.03195159981	0.074019457
2023-02-05	-0.03468527059	-0.009591549948	0.03287117655	-0.03695912154	-0.1050622181
2023-02-12	-0.05141835807	-0.07267538557	-0.04747924832	-0.06133081991	-0.08813529921
2023-02-19	0.1081588959	0.1033417514	-0.00352507976	0.03048856387	0.1448675464
2023-02-26	-0.02998179056	-0.02311980634	-0.009029406719	-0.02198465932	-0.06615012503
2023-03-05	-0.04892169563	-0.04790774911	-0.06698184484	-0.02981286997	-0.1032122871
2023-03-12	-0.01949896734	0.01001626862	-0.002080444578	0.01246290854	-0.03741024051
2023-03-19	0.2403240308	0.1193616278	0.1558846841	0.0377802163	0.07897587834
2023-03-26	-0.0001723246601	-0.003826075967	-0.02435112056	0.149510128	-0.04299727731
2023-04-02	0.007261175133	0.01156276632	-0.04640409041	0.145405249	-0.02026118514
2023-04-09	0.005377066013	0.03526366975	-0.002873106525	-0.02462504731	-0.01176484158
2023-04-16	0.06760013771	0.1307928594	0.1057760303	0.0302078898	0.2227489962
2023-04-23	-0.09382603108	-0.1291373545	-0.05012841903	-0.1141660487	-0.165727563
2023-04-30	0.05783025677	0.004335379196	0.02035389032	0.01240392293	0.05746887643
2023-05-07	-0.02785694871	0.0001657536851	-0.05012438718	-0.04677307128	-0.04865824675
2023-05-14	-0.0546673523	-0.03880463206	-0.02811747385	-0.05422808548	-0.03428370511
2023-05-21	-0.00632961152	0.003163049373	-0.01843221141	0.07298208246	-0.06514389625
2023-05-28	0.04807176915	0.05588021751	0.02481996868	0.05216722934	0.0593940002
2023-06-04	-0.03442842334	-0.009808826489	-0.02939962994	0.1060034625	0.04739334
2023-06-11	-0.04486585612	-0.07539043165	-0.2590255818	-0.02858148561	-0.3387663418
2023-06-18	0.01585858843	-0.01831522448	0.03629178257	-0.06751272978	-0.006451635281
2023-06-25	0.1454141139	0.09834564376	-0.02195159588	0.007164087544	0.09324862702
2023-07-02	0.0050547188	0.02016605192	0.03173561196	-0.01190001733	0.1369894397
2023-07-09	-0.01501630612	-0.03930742749	-0.05161361899	-0.03464913541	0.09179852923
2023-07-16	0.002360551295	0.03134280883	0.03442825333	0.4673291157	0.2516270748
2023-07-23	-0.004915476407	-0.01751889543	0.0008250825551	-0.01131172848	-0.1020432263
2023-07-30	-0.02704324369	-0.014366255	1.604619215e-17	-0.04685541728	-0.02081283043
2023-08-06	-0.006601758341	-0.01706942993	0.002882439714	-0.1214798975	-0.04426433871
2023-08-13	0.007378408621	0.005693271458	-0.01241224045	0.002560820862	0.04343925616
2023-08-20	-0.1123412888	-0.08825424518	-0.1038813622	-0.1501094109	-0.1070586596
2023-08-27	-0.003374148573	-0.01609691501	0.008737696428	-0.02787374429	-0.04606077338
2023-09-03	-0.00501451131	-0.013654638	-0.01848481467	-0.03676384069	-0.06047432046
2023-09-10	-0.005002633336	-0.01132414676	-0.009372139829	-0.01557539474	-0.07038079676
2023-09-17	0.02619632426	0.003123555736	0.01911925807	-0.008894337996	0.03077165867
2023-09-24	-0.01057803489	-0.02608172967	-0.03861119918	0.01930484243	0.02882043854
2023-10-01	0.06433484497	0.09243565057	0.04643272513	0.04288320277	0.2094133585
2023-10-08	-0.002701504533	-0.05998893375	-0.03165999996	-0.01286623606	-0.02760846408
2023-10-15	-0.02770772408	-0.04706551862	-0.008074135528	-0.05973112856	-0.05715841384
2023-10-22	0.09941612753	0.06578872629	0.03789927259	0.0697312119	0.2811629209
2023-10-29	0.1407634606	0.07603897564	0.04181323861	0.06213178111	0.1223242482
2023-11-05	0.01397795508	0.0523981686	0.07177777618	0.1723517448	0.2258811956
2023-11-12	0.05696222309	0.07776011611	0.01383823467	0.0009077156448	0.3131153051
2023-11-19	0.007947210476	-0.01637549998	-0.004050228299	-0.05517676345	0.08217263393
2023-11-26	0.002341216745	0.02497061353	-0.06151280022	-0.01627099932	-0.05951026749
2023-12-03	0.06524763076	0.06141125777	-0.01565930215	0.01162616034	0.08981561699
2023-12-10	0.09120857745	0.07018416326	0.0500211133	0.06042628876	0.1729360606
2023-12-17	-0.05672591653	-0.06855754283	-0.004178861075	-0.08086164147	-0.05490606342
2023-12-24	0.03833404729	0.03028095512	0.1022148698	0.002945028307	0.4616614656
2023-12-31	-0.01660359071	0.007840037342	0.1645207053	0.005701734108	-0.1002847379
2024-01-07	0.0381763185	-0.0268486512	-0.03061131232	-0.1099555633	-0.1286559311
2024-01-14	-0.0512985421	0.1072327884	-0.00963622675	0.04398651975	0.04770345073
2024-01-21	-0.003649388514	-0.006417976074	0.06182197992	-0.05327705019	-0.02942343138
2024-01-28	0.01078164987	-0.0849692531	-0.04264149774	-0.04166880245	0.05229180767
2024-02-04	0.01304342579	0.01446792005	-0.001967213749	-0.04069480042	-0.005118306468
2024-02-11	0.1259790591	0.09071047082	0.05117842071	0.04450360335	0.1180971553
2024-02-18	0.07645636651	0.1390362929	0.08685545589	0.05725344829	0.04352075049
2024-02-25	-0.007872067172	0.077248303	0.1049316072	-0.02655667161	-0.08135772018
2024-03-03	0.1989264867	0.1138188551	0.06477980477	0.1449179321	0.2294827473
2024-03-10	0.08852474014	0.1061667139	0.2437264035	-0.03093113558	0.1037535091
2024-03-17	-0.008189381343	-0.06216394472	0.0778150002	0.01809192856	0.3350564158
2024-03-24	-0.01745560125	-0.05346013276	-0.007021268093	0.02141341008	-0.09329101687
2024-03-31	0.05879402626	0.05361925485	0.06644132477	-0.005231049418	0.09620957154
2024-04-07	-0.02729996816	-0.05384504141	-0.03830469966	-0.05689667778	-0.1202063201
2024-04-14	-0.05479802046	-0.09056752125	-0.03042919291	-0.1663660796	-0.1713525254
2024-04-21	-0.01103645966	-0.002360864081	0.02303766807	0.04144965365	-0.01633097451
2024-04-28	-0.02846566199	0.0361224214	0.03492472256	-0.02763727936	-0.07542190364
2024-05-05	0.0140547526	-0.03970608426	-0.01375629812	0.03712321655	0.05457437578
2024-05-12	-0.04029375007	-0.06831876089	0.004718579702	-0.05891488712	-0.01590848324
2024-05-19	0.07502099859	0.0473050358	-0.0347251173	0.02041898675	0.1695394762
2024-05-26	0.0331478955	0.2198775985	0.04376283572	0.03603819991	-0.03912420748
2024-06-02	-0.01089057554	-0.01197798578	0.004488412489	-0.0284142748	-0.001592357024
2024-06-09	0.02740086066	-0.01990366628	0.1099939841	-0.02944585828	-0.006333221279
2024-06-16	-0.04359787875	-0.02236953868	-0.0969757563	-0.01923720354	-0.06907218097
2024-06-23	-0.05339544148	-0.05778491889	-0.05606113095	-0.01940605904	-0.1618582093
2024-06-30	-0.006953401204	0.005029847011	0.008105588916	-0.007532992308	0.1303695884
2024-07-07	-0.1166999189	-0.1595927828	-0.1709810882	-0.1265643903	-0.1077050759
2024-07-14	0.08474605879	0.1017963414	0.1045858117	0.2157263621	0.1148414096
2024-07-21	0.1143808111	0.08583351692	0.1006689105	0.1394695386	0.2226829278
2024-07-28	0.001239451299	-0.07813460671	-0.03135793008	0.004668231219	0.002219876923
2024-08-04	-0.1599606488	-0.1956992874	-0.1613409367	-0.1397286761	-0.2901730035
2024-08-11	0.00943915722	-0.05093868543	0.01299628409	0.0557972907	0.02315215952
2024-08-18	-0.004870082122	0.02197269644	0.05375351546	0.01846095981	0.005986144148
2024-08-25	0.09453058654	0.05001901079	0.07731656695	0.06347242296	0.1096204924
2024-09-01	-0.1139816047	-0.1240642603	-0.1133495951	-0.09211528891	-0.2124720266
2024-09-08	-0.0433672441	-0.05439386722	-0.01831661253	-0.03288120127	0.01275872711
2024-09-15	0.07480639321	0.008150216356	0.09529210986	0.07475527374	0.009330138041
2024-09-22	0.07250721927	0.1082921841	0.06183564868	0.02850672429	0.0961609876
2024-09-29	0.03132688342	0.0292540647	0.01165258478	0.08814625767	0.09132343845
2024-10-06	-0.04333427428	-0.08542065112	-0.04340676265	-0.1836949261	-0.07861329517
2024-10-13	0.000797359067	0.01176642338	0.003326042454	-0.002815052999	0.008565071734
2024-10-20	0.09350059983	0.1066998859	0.05722637533	0.02980874227	0.124932186
2024-10-27	-0.01474324843	-0.09107076879	-0.02794927136	-0.0589842314	0.05367099111
2024-11-03	0.01102792956	-0.02016771507	-0.05494450119	-0.02706578237	-0.08319454905
2024-11-10	0.1557863952	0.2586519619	0.1176515346	0.1568168186	0.2565782084
2024-11-17	0.111567181	-0.03426006998	-0.01352900922	0.5832253299	0.1226004912
2024-11-24	0.08573868044	0.08866800143	0.06376568258	0.3069628905	0.06228042549
2024-12-01	-0.007328727411	0.09808941111	-0.005563846404	0.4703263041	-0.06510582219
2024-12-08	0.0395867474	0.07694385911	0.1232036982	0.1258450859	0.0009286227505
2024-12-15	0.03263744061	-0.01131712241	-0.03166870847	-0.06118940281	-0.05529384262
2024-12-22	-0.09300671001	-0.1876130072	-0.1010620806	-0.1049564578	-0.2170091082
2024-12-29	-0.01532991845	0.02249161215	0.06687603818	-0.05069384057	0.05086665786
2025-01-05	0.04816512832	0.07998862025	0.0207699774	0.1360470872	0.1165069653
2025-01-12	-0.03959437233	-0.1069174703	-0.02274397034	0.04291033505	-0.1240641422
2025-01-19	0.06932146502	-0.01609927374	-0.014747494	0.1666209415	0.291943311
2025-01-26	0.01263483424	0.005425178442	-0.02342839061	0.02126814825	-0.04837427728
2025-02-02	-0.04912524759	-0.1190893352	-0.07717983427	-0.158228732	-0.1670049458
2025-02-09	-0.01275067446	-0.08828949772	-0.003226306087	-0.0753251706	-0.01505053411
2025-02-16	-0.003579071669	0.01294502996	0.08895543262	0.1312144763	-0.06278750688
2025-02-23	0.001454234805	0.05777089229	-0.02205088144	-0.05732444352	-0.11427033
2025-03-02	-0.02086908119	-0.1131183297	-0.05378881567	0.1319192566	0.06215760755
2025-03-09	-0.1549986224	-0.220208159	-0.1177169257	-0.3180753499	-0.3454430239
2025-03-16	0.02253689647	-0.06831219473	0.08225233186	0.07001166314	-0.003008235327
2025-03-23	0.04160485928	0.0611494381	0.03522415722	0.06150128195	0.05183227541
2025-03-30	-0.04384218979	-0.1040602582	-0.03522415722	-0.1323549322	-0.062272697
2025-04-06	-0.04925744173	-0.1341717023	-0.08064900236	-0.1060939338	-0.1642830227
2025-04-13	0.06574905934	0.01069690428	0.05043970629	0.09796514478	0.192404939
2025-04-20	0.01680217561	-0.006530389411	0.01442614543	-0.01948469332	0.07124406157
2025-04-27	0.09586645598	0.1208637718	0.01787329289	0.08007601196	0.07083845204
2025-05-04	0.005619635639	0.009760781909	-0.0293087755	-0.04356405723	-0.02761111244
2025-05-11	0.09928103754	0.3294050022	0.1053690476	0.09336867749	0.1849232407
2025-05-18	0.02219053799	-0.00669947741	0.0005834126735	0.02544454267	0.0006349389806
2025-05-25	0.02367091253	0.02116933876	0.02711809891	-0.03619071187	0.01398143335
2025-06-01	-0.03132149911	-0.004718667101	-0.01303572034	-0.07191932435	-0.1084379672
2025-06-08	0.0008616834925	-0.01163798726	-0.01336125973	0.03949953455	-0.03373098941
2025-06-15	-0.001324860064	0.014940643	-0.005860698675	-0.04580608985	0.003405150301
2025-06-22	-0.04483891611	-0.1341860017	-0.05124538885	-0.07094087045	-0.1496392877
2025-06-29	0.07066795526	0.1153570681	0.06154407783	0.0895158395	0.1519247045
2025-07-06	0.0077855422	0.02771534518	0.01248849717	0.02894997797	-0.009568196727
2025-07-13	0.0866350679	0.1452031446	0.04261490622	0.2222536403	0.05937656448
2025-07-20	-0.01541394119	0.2342930295	0.08953948883	0.1971031107	0.1185342961
2025-07-27	0.01817207275	0.03025874498	0.1090270501	-0.06429921374	0.03897053241
2025-08-03	-0.04458107494	-0.1019658897	-0.1164672548	-0.09410679166	-0.1524293039
2025-08-10	0.04356276624	0.1952219857	0.0719110059	0.07795306111	0.1202153684
2025-08-17	-0.01596153719	0.05085643403	0.05794956891	-0.03165355825	0.04459456939
2025-08-24	-0.03388322154	0.06656240115	0.02440229866	-0.02025095786	0.07555800604
2025-08-31	-0.04733671149	-0.08472593005	-0.02175202245	-0.08627255169	-0.02636650524
2025-09-07	0.02635708572	-0.01969247427	0.02578263318	0.03584511693	0.02816118474
2025-09-14	0.03649320486	0.06697839194	0.05144611494	0.05112122536	0.1500646668
2025-09-21	-0.0003099345232	-0.0352587946	0.123023168	-0.01927368765	-0.0151288816
2025-09-28	-0.02698836391	-0.07055572888	-0.05370727249	-0.03518992645	-0.1134574199
2025-10-05	0.09613626673	0.08603717554	0.161776466	0.03505524178	0.08074663639
2025-10-12	-0.07152410364	-0.08359457716	0.1096387296	-0.1609533505	-0.1485950292
2025-10-19	-0.05650855072	-0.0417301388	-0.1601487498	-0.05587954911	-0.04750672417
2025-10-26	0.05302821318	0.04321496294	0.02518737997	0.1014588199	0.06277035073
2025-11-02	-0.03570986776	-0.06248250249	-0.04947349971	-0.04617275436	-0.06356913662
2025-11-09	-0.05406521095	-0.08633349682	-0.08334147288	-0.06562881067	-0.1318052943
2025-11-16	-0.1052461888	-0.1464472129	-0.07290078426	-0.06607803709	-0.1818718919
2025-11-23	-0.0821200142	-0.09949105291	-0.09380035487	-0.07780658339	-0.04923496673
2025-11-30	0.03984950753	0.06530415496	0.03689966072	0.0503900512	0.02196558812
2025-12-07	0.0003906939215	0.02267119184	0.02154145047	-0.05278420864	-0.00933320037
2025-12-14	-0.02490100518	0.001192158029	-0.01930474708	-0.03271807769	-0.02171007145
2025-12-21	0.005504590783	-0.02027265777	-0.02146507055	-0.02876605145	-0.02638840822
2025-12-28	-0.007996687454	-0.01717179805	0.0007916366336	-0.03004687847	-0.006048565993
2026-01-04	0.03986455387	0.06360489874	0.04116267102	0.114119088	0.06826351374
2026-01-11	-0.005654342272	-0.006780335956	0.009879230232	-0.007874434504	0.04076234466
2026-01-18	0.02880199333	0.05013316661	0.03069659526	-0.04088225182	-0.01318605408
2026-01-25	-0.07769953177	-0.1534378873	-0.07397187234	-0.08146650543	-0.1484490184
2026-02-01	-0.1187194774	-0.2157875309	-0.1325124699	-0.1431343692	-0.1648230494
2026-02-08	-0.09018862606	-0.08280625228	-0.1700367377	-0.1060033059	-0.1472459748
2026-02-15	-0.02152667404	-0.06074366285	-0.0394763988	0.03062763054	-0.009587136671
2026-02-22	-0.01742739048	-0.004464384135	-0.0005853849073	-0.05725809943	-0.0398987517
2026-03-01	-0.02798761329	-0.009293131976	0.005126718779	-0.02972246766	0.00973623894
2026-03-08	0.002956107562	-0.001346468047	-0.009724128204	-0.009211177889	-0.02433681465
2026-03-15	0.0987069908	0.1173527468	0.09618920414	0.0779969886	0.1233374361
2026-03-22	-0.07049325093	-0.05880920004	-0.07288369759	-0.04511087769	-0.06837396384
2026-03-29	-0.02761168865	-0.03429801854	-0.0329766189	-0.04203228758	-0.05680362487
2026-04-05	0.04478140989	0.06133097547	-0.007601954479	-0.001130326785	0.00551033048
2026-04-12	0.02442329296	0.03788617184	-0.01559900608	-0.00120709181	-0.004405832607
2026-04-19	0.04235794883	0.03215598538	0.03951683205	0.05113475536	0.02351623519
2026-04-26	0.06372063376	0.04584297012	0.03147677224	0.02584306092	0.04061591123
2026-05-03	-0.00113187312	-0.01994486511	-0.02951460415	-0.03029997291	-0.03535840121
2026-05-10	0.04530605395	0.02071690141	0.0722976794	0.05970879318	0.1394872833
2026-05-17	-0.05954620705	-0.1068343235	-0.02143216616	-0.04995821407	-0.123761272
2026-05-24	-0.005082891037	-0.01472543951	0.01085727139	-0.03676938222	0.0003518855235
2026-05-31	-0.04499345357	-0.04521986124	0.07901000393	-0.01341301778	-0.03375193673
2026-06-07	-0.1512643604	-0.1716157938	-0.1617369085	-0.1428123516	-0.2148688084
2026-06-14	0.03741478867	0.02055614764	0.02022619986	0.02605092444	0.0694138355
2026-06-21	-0.03773095051	-0.01088411239	-0.0542338685	-0.05306537198	0.0164189023
2026-06-28	-0.06080496529	-0.08237904542	-0.05843289809	-0.07024467071	-0.0150169674
2026-07-05	0.0661295636	0.1274592462	0.06804033081	0.09864272276	0.1336889874
2026-07-12	0.002040336578	0.01177483019	-0.02742958404	-0.06368625163	-0.05894078472
2026-07-19	0.01466985638	0.03557290896	-0.004978306656	0.01099113464	-0.007045038923
2026-07-26	0.0104125876	0.04311672692	0.007432124791	0.01384073838	0.004962789342
2026-08-02	-0.02838044461	-0.03612817658	0.02258254724	-0.02381930793	-0.04163111976
2026-08-09	0.02073046169	0.0133247142	0.02313047717	-0.05386789744	0.0352271248
2026-08-16	-0.03132595893	-0.01830164772	0.001244596538	-0.03588227795	-0.02200512969
2026-08-23	0.2117465784	0.2724047184	0.152576302	0.4253940259	0.2461184479
2026-08-30	-0.0006691717962	-0.01906911678	-0.02542112654	-0.1133286853	0.06412582989
2026-09-06	0.03366683656	0.03958857057	0.09502602363	0.04747385491	0.04609553422
2026-09-13	-0.04453891106	-0.01497750162	-0.04981259903	-0.05955389213	-0.07046878749
2026-09-20	0.05489277869	0.06566193613	0.07545704689	0.05037951585	0.1129149902
2026-09-27	0.03977584401	0.01628875166	0.008172992267	0.07259267062	0.09287851292
2026-10-04	0.02407105611	0.01414089252	0.02100018101	0.002568071737	-0.003202104629
