Datum;Nummer 1;Nummer 2;Nummer 3;Nummer 4;Nummer 5
2024-12-29;3;5;7;2;6
2024-12-22;1;0;0;1;0
2024-12-15;6;4;2;2;3
2024-12-08;6;7;8;8;5
2024-12-01;3;8;4;9;3
2024-11-24;8;7;7;9;6
2024-11-17;8;2;4;9;7
2024-11-10;9;9;8;9;9
2024-11-03;5;3;1;3;2
2024-10-27;3;1;2;2;6
2024-10-20;8;8;7;6;7
2024-10-13;4;5;5;5;5
2024-10-06;2;1;2;0;2
2024-09-29;6;5;5;8;6
2024-09-22;7;8;7;6;7
2024-09-15;8;5;8;8;5
2024-09-08;2;2;3;3;5
2024-09-01;0;0;0;1;0
2024-08-25;8;6;7;8;7
2024-08-18;4;5;7;6;5
2024-08-11;5;2;5;7;5
2024-08-04;0;0;0;0;0
2024-07-28;4;1;2;5;5
2024-07-21;8;7;8;9;8
2024-07-14;8;8;8;9;7
2024-07-07;0;0;0;0;1
2024-06-30;4;5;5;5;7
2024-06-23;1;2;1;4;1
2024-06-16;1;3;0;4;2
2024-06-09;6;3;8;3;5
2024-06-02;3;4;5;3;5
2024-05-26;6;9;6;6;3
2024-05-19;8;6;2;6;8
2024-05-12;1;1;5;2;4
2024-05-05;5;2;4;6;6
2024-04-28;2;6;6;3;2
2024-04-21;3;4;5;6;4
2024-04-14;1;1;2;0;0
2024-04-07;2;2;2;2;1
2024-03-31;7;6;7;5;7
2024-03-24;3;2;4;6;2
2024-03-17;3;1;7;6;9
2024-03-10;8;8;9;3;7
2024-03-03;9;8;7;9;8
2024-02-25;3;7;8;3;2
2024-02-18;8;9;8;7;5
2024-02-11;9;7;7;7;7
2024-02-04;5;5;4;3;5
2024-01-28;5;1;2;3;6
2024-01-21;4;4;7;3;4
2024-01-14;1;8;4;7;5
2024-01-07;6;2;2;1;1
