Datum	NVDA	AAPL	MSFT	ASML
2016-10-07	-0.02371138434	0.01359364211	0.006596100985	-0.02368788478
2016-10-14	-0.01288786282	0.03081947924	-0.006596100985	-0.05070965892
2016-10-21	0.0231864924	-0.008794831056	0.03826910439	0.04012554953
2016-10-28	0.04374339674	-0.02500998713	0.003513765851	0.001898254177
2016-11-04	-0.04332891351	-0.04386037287	-0.01956547486	-0.02856650126
2016-11-11	0.2638840838	-0.003774110431	0.005266299439	-0.02209816666
2016-11-18	0.05944440595	0.01492086815	0.02228457803	0.04238087858
2016-11-25	0.008532474974	0.01559643965	0.00297816236	-0.004311797031
2016-12-02	-0.06253543096	-0.01705124987	-0.02137332989	-0.0427683853
2016-12-09	0.03737010683	0.03618889428	0.04488461696	0.0284547947
2016-12-16	0.08945158321	0.01757178128	0.005311028819	0.0342781286
2016-12-23	0.08919664109	0.004731395123	0.01497558655	0.04139411998
2016-12-30	-0.02808239222	-0.006025670294	-0.01754710838	0.01318818738
2017-01-06	-0.03469657988	0.01788435979	0.01120190942	-0.009672294643
2017-01-13	0.003215000929	0.009537949496	-0.002230365749	0.03692672883
2017-01-20	0.005591885148	0.008032171697	0.0006377551237	0.05689336956
2017-01-27	0.07191901725	0.01611938188	0.047316638	-0.00229677732
2017-02-03	0.02310094414	0.05682124252	-0.03244529922	0.01013163336
2017-02-10	-0.006666691358	0.02327823334	0.005012541824	0.01484736385
2017-02-17	-0.05786483557	0.02688333939	0.009640877037	0.01612874116
2017-02-24	-0.05533007942	0.006902149437	2.775557562e-17	-0.03488585993
2017-03-03	-0.0302986777	0.0225736687	-0.005742236621	0.003665842564
2017-03-10	0.006965282878	-0.004589137553	0.01052804275	0.01629199678
2017-03-17	0.06774916055	0.006090370991	-0.0009244992954	0.02293497128
2017-03-24	0.01314995066	0.00463244245	0.001694263016	0.03336974493
2017-03-31	0.01349348582	0.02124596271	0.01345174671	0.00422578353
2017-04-07	-0.08223914738	-0.002229966081	-0.002736811804	-0.01227381118
2017-04-13	-0.04948410181	-0.01610499312	-0.01117672203	-0.02157580998
2017-04-21	0.06283004174	0.008612223215	0.02207931337	0.01277057718
2017-04-28	0.02544073513	0.009653124762	0.03055257662	0.01389971974
2017-05-05	-0.004227523591	0.0362980281	0.007856871495	0.02981280976
2017-05-12	0.2081423193	0.04681901399	-0.009026120386	-0.002948984738
2017-05-19	0.06146872797	-0.01966682614	-0.01014192569	-0.004365688239
2017-05-26	0.04204477603	0.003586921379	0.03298519163	-0.004831825048
2017-06-02	0.01261050759	0.01190721374	0.0254035676	0.003718858879
2017-06-09	0.04065489618	-0.04251206776	-0.02027096437	-0.03528489035
2017-06-16	0.01341232509	-0.04608540809	-0.004561011328	-0.003080954451
2017-06-23	0.01448370722	0.02779593262	0.01713801594	0.03792031127
2017-06-30	-0.06216645156	-0.01557041446	-0.0325417611	-0.03268832273
2017-07-07	0.0151039532	0.001110340156	0.007659550418	0.01960549119
2017-07-14	0.116855923	0.03315220732	0.04669014487	0.05154911237
2017-07-21	0.01890451793	0.008218949744	0.01378202889	0.09776311774
2017-07-28	-0.02230522078	-0.005137283207	-0.01021598478	-0.01147265044
2017-08-04	0.01700864877	0.04505649462	-0.004940992759	0.002684389604
2017-08-11	-0.0696629043	0.006945578627	-0.002479681667	-0.01150836362
2017-08-18	0.03490557855	0.0001269921902	-0.0001379405478	0.007052261886
2017-08-25	0.01421428615	0.01487297393	0.004542021435	0.01279056853
2017-09-01	0.03978123629	0.02587282721	0.01526331076	0.01964750199
2017-09-08	-0.04053848823	-0.03359681299	0.0005408328958	0.0153946258
2017-09-15	0.09561670275	0.007849087423	0.01781814171	0.01670171999
2017-09-22	-0.006193073772	-0.05126695919	-0.0120225867	0.02162279328
2017-09-29	-0.001274554917	0.01457494511	0.001074546779	0.03108566824
2017-10-06	0.01404186684	0.007627210397	0.0200684521	-0.01033358185
2017-10-13	0.07075194118	0.0108233789	0.01941555549	0.03968820755
2017-10-20	0.01179092671	-0.004724820436	0.01689099659	-0.006144762166
2017-10-27	0.02487840217	0.04259961362	0.06151243975	0.02095234067
2017-11-03	0.03326592582	0.05634033424	0.003929746052	0.03108830593
2017-11-10	0.03508603225	0.01250124297	-0.003214097166	-0.02735081797
2017-11-17	-0.0223635051	-0.02621807849	-0.01768254408	0.004056349851
2017-11-24	0.02615016398	0.02793412971	0.01038280485	0.03294543937
2017-12-01	-0.09306344307	-0.02265861923	0.01193901478	-0.07774258808
2017-12-08	-0.03180352939	-0.009870240521	-0.001187507561	-0.002613166029
2017-12-15	0.0003550431832	0.02679719965	0.0314627437	0.01052702185
2017-12-22	0.01919238295	0.005960244592	-0.01554916452	0.008137114407
2017-12-29	-0.009115945959	-0.03358437873	0.0003507746309	-0.008022046229
2018-01-05	0.1072192523	0.0335272375	0.0305094751	0.05075523688
2018-01-12	0.03458531662	0.011872104	0.01586174208	-0.01099697672
2018-01-19	0.03148406558	0.007706408551	0.004454350349	0.1277648116
2018-01-26	0.05586061909	-0.03972291253	0.04412320619	0.004805484577
2018-02-02	-0.04115903946	-0.06634763137	-0.02453846755	-0.0595568419
2018-02-09	-0.006185586733	-0.02581317788	-0.04001422904	-0.05765132634
2018-02-16	0.04943013269	0.09751059233	0.04240839712	0.04555190262
2018-02-23	0.008542802458	0.01764768589	0.02214429947	0.02359703371
2018-03-02	-0.03893774813	0.004037422675	-0.01079589343	-0.01665040131
2018-03-09	0.03649506844	0.02116926803	0.03682044714	0.07865484863
2018-03-16	0.02076668175	-0.01094983008	-0.02029995417	0.02196229677
2018-03-23	-0.07246080235	-0.07631413213	-0.08168252925	-0.07239891373
2018-03-29	-0.005941071883	0.01707182601	0.04584719972	-0.00276611437
2018-04-06	-0.07782431046	0.003569732491	-0.01146018052	-0.0199910012
2018-04-13	0.0774269812	0.03701859544	0.03109737243	0.05507537442
2018-04-20	-0.01211630339	-0.05294230814	0.02041755317	-0.0633818842
2018-04-27	-0.01046062228	-0.02072992169	0.008594539854	-0.006601370232
2018-05-04	0.05471161859	0.124441722	-0.00691174602	0.01941908877
2018-05-11	0.06271199838	0.02556392903	0.02634187361	0.01668776521
2018-05-18	-0.03433896108	-0.01216339349	-0.0138103813	-0.007371164793
2018-05-25	0.01348915894	0.01211036701	0.0205430396	0.01887416735
2018-06-01	0.03290886829	0.008764112905	0.02440492702	0.005257166301
2018-06-08	0.01792700443	0.007645217109	0.008299622783	0.0258308837
2018-06-15	0.01129784167	-0.01503155437	-0.01486942543	0.03491012139
2018-06-22	-0.05546473071	-0.02097679656	0.002792462172	-0.04012979396
2018-06-29	-0.05760763519	0.001026943852	-0.01808912755	-0.04155517014
2018-07-06	0.04309345248	0.01533213266	0.02553074546	-0.003288727698
2018-07-13	0.008005648291	0.01771731027	0.04134380379	0.009432366722
2018-07-20	0.006269412468	0.0005747577032	0.007935799796	0.09850439375
2018-07-27	0.004501825033	-0.002405733078	0.01318084051	-0.03006391136
2018-08-03	0.0003173847523	0.0853212911	0.003337663028	0.006914622953
2018-08-10	0.01060599263	-0.002214094089	0.008846353305	-0.0520336157
2018-08-17	-0.03990858018	0.04729069146	-0.01311312538	-0.03250049296
2018-08-24	0.1060873163	-0.006547724781	0.00759333216	0.02802731225
2018-08-31	0.03060466748	0.05170262955	0.03561287865	0.01014639982
2018-09-07	-0.03192800248	-0.0282022567	-0.03736718407	-0.1254753107
2018-09-14	0.01667763153	0.01141226386	0.04658302245	0.01905758351
2018-09-21	-0.04810885438	-0.02799729865	0.007819747267	0.02189046045
2018-09-28	0.06456983613	0.03644968226	0.0009622534968	-0.002178244984
2018-10-05	-0.04052253518	-0.006444037143	-0.01977989432	-0.02275453867
2018-10-12	-0.09037905388	-0.009767102734	-0.02309529806	-0.05313060023
2018-10-19	-0.07305143879	-0.01268650063	-0.008339873294	0.008456226827
2018-10-26	-0.1447321215	-0.01381992106	-0.01576880833	-0.05586737899
2018-11-02	0.08052517406	-0.04163138348	-0.00750754277	0.05147678035
2018-11-09	-0.04398319903	-0.01461368403	0.03161622439	0.002910213472
2018-11-16	-0.2237855559	-0.05498872624	-0.01175080078	-0.03779950133
2018-11-23	-0.1257633685	-0.1162534357	-0.04940444459	-0.03204843648
2018-11-30	0.1196632593	0.03585757654	0.07313034992	0.04591714322
2018-12-07	-0.101809792	-0.05816027924	-0.05629412559	-0.07147625601
2018-12-14	-0.007916793032	-0.01802605926	0.01147747956	0.009358690717
2018-12-21	-0.1224337054	-0.09336018477	-0.07641040525	-0.08134248182
2018-12-28	0.03100269574	0.0358391236	0.02175093302	0.04375739236
2019-01-04	0.01879687717	-0.0523617912	0.01522370248	-0.006598548978
2019-01-11	0.08878186893	0.02681910864	0.008499049841	0.05031273981
2019-01-18	0.05299443746	0.02931205294	0.04665707734	0.004188229823
2019-01-25	0.02031077376	0.005976240052	-0.005026071638	0.08231896709
2019-02-01	-0.1012672456	0.05404053147	-0.04182557716	0.00985729107
2019-02-08	0.02351764242	0.02309187579	0.02773024889	0.01479942445
2019-02-15	0.06003530776	5.868028051e-05	0.02384516176	0.01806091125
2019-02-22	0.01170195199	0.01485219066	0.0250937023	0.00281644556
2019-03-01	-0.0173873345	0.0114963616	0.01395995825	0.001189189329
2019-03-08	-0.03783080205	-0.01184330274	-0.01811383816	-0.03445869161
2019-03-15	0.1197990584	0.07362039906	0.0477080133	0.07521369669
2019-03-22	0.04427866616	0.02614354692	0.009787166036	-0.02659395741
2019-03-29	0.011538805	-0.005774294259	0.007574826635	0.001596594272
2019-04-05	0.06149172576	0.0364428491	0.01639863515	0.0685354417
2019-04-12	-0.00491391161	0.009447616183	0.008802581336	0.007075559565
2019-04-18	-0.01972895045	0.02478213882	0.01981073303	0.01512029394
2019-04-26	-0.04505800691	0.002156018083	0.05149996834	0.006245330265
2019-05-03	0.02722959703	0.03581683171	-0.007651028474	0.007117467769
2019-05-10	-0.08069680918	-0.07128931639	-0.01382672498	-0.04880454035
2019-05-17	-0.07557259663	-0.04237000209	0.007366804476	0.01230200042
2019-05-24	-0.0754789927	-0.05452882103	-0.01439213234	-0.05832855205
2019-05-31	-0.06910507544	-0.02203230008	-0.02048727226	-0.009263001259
2019-06-07	0.07149969282	0.08262734043	0.06054852121	0.04456504702
2019-06-14	-0.005928189968	0.01352889605	0.007959109668	-0.02367339867
2019-06-21	0.04805242898	0.03085655512	0.03355670803	0.0520039053
2019-06-28	0.07895538061	-0.004335776896	-0.02222067582	0.02759804603
2019-07-05	-0.02465790535	0.03138390108	0.02287753823	0.008714860749
2019-07-12	0.04505398365	-0.004564089095	0.0133354636	-0.00751325526
2019-07-19	0.004927818763	-0.003498488379	-0.01655090046	0.07154509263
2019-07-26	0.03861771459	0.02510306554	0.03396498596	0.03181996623
2019-08-02	-0.08262593227	-0.01806926955	-0.03191760297	-0.04854977721
2019-08-09	-0.04445063458	-0.01496287268	0.005899292445	-0.01798626143
2019-08-16	0.03429927601	0.02704525682	-0.01153971321	-0.01464441804
2019-08-23	0.01788867578	-0.01886940671	-0.02033314337	-0.01110203915
2019-08-30	0.03074628767	0.0296584527	0.0329615093	0.05593570834
2019-09-06	0.06438478899	0.0214226202	0.008954421472	0.06919948955
2019-09-13	0.01823718291	0.02541744665	-0.01287913034	0.042791884
2019-09-20	-0.05216730142	-0.004673762173	0.01532043262	-0.01293522219
2019-09-27	-0.005411507406	0.004993710984	-0.01233915428	-0.008498518974
2019-10-04	0.05773269387	0.03674459533	0.002827625593	0.009515130493
2019-10-11	0.02187281459	0.0397271705	0.01123121957	0.05518750668
2019-10-18	0.0239065369	0.0008463459521	-0.01638493475	-0.02169518629
2019-10-25	0.07115335644	0.04211889862	0.02387400366	0.03692477891
2019-11-01	-0.009569451016	0.03678758773	0.02102380124	0.0247304921
2019-11-08	0.02528572328	0.01674587546	0.01546564932	-0.01230750444
2019-11-15	-0.01741909996	0.02137369823	0.02710266253	0.02832778951
2019-11-22	0.03226645918	-0.0150891895	-0.002537055707	-0.03233896619
2019-11-29	0.02737129163	0.02068009354	0.01189501349	0.01639258822
2019-12-06	-0.02132006482	0.0128635873	0.002441198059	0.03439535726
2019-12-13	0.05423192325	0.0162682663	0.01815382231	0.03439056059
2019-12-20	0.06640849029	0.01547119699	0.01846561412	0.01268269554
2019-12-27	-0.01049891637	0.03640342939	0.009798731877	0.01043617374
2020-01-03	-0.003400011733	0.0259878733	-0.002141193588	0.004305277243
2020-01-10	0.03435894235	0.04245734423	0.01700253485	-0.005958309584
2020-01-17	0.02009792121	0.02670810199	0.03507849609	0.01294842149
2020-01-24	0.004802314336	-0.001318598709	-0.01240456684	-0.01413083409
2020-01-31	-0.05771843686	-0.02803534892	0.03096259506	-0.05264099269
2020-02-07	0.06214808766	0.03342433962	0.07718728893	0.08306943879
2020-02-14	0.1413546964	0.01525658294	0.007908176844	0.0364777192
2020-02-21	0.01466121105	-0.03730840215	-0.03715325376	-0.03310602836
2020-02-28	-0.0851360452	-0.1355733144	-0.09743461411	-0.1006150756
2020-03-06	-0.0150419167	0.05574088115	-0.002719576434	0.04037232529
2020-03-13	-0.09951386082	-0.03901729475	-0.01710403744	-0.1144608382
2020-03-20	-0.1574612526	-0.1927437045	-0.1453020353	-0.1731402499
2020-03-27	0.2056422515	0.07761031944	0.08610087888	0.1561451198
2020-04-03	-0.03550630708	-0.0258830763	0.02721480514	-0.03222127785
2020-04-09	0.07516400151	0.1044529336	0.07094550242	0.1236662448
2020-04-17	0.1058775866	0.05379026764	0.07835506945	0.06584497201
2020-04-24	-0.009389869441	0.0006009509345	-0.02293743489	-0.01297061538
2020-05-01	-0.02379001303	0.02132798836	0.0001145737856	-0.04477889442
2020-05-08	0.09993525901	0.0703226911	0.0562987903	0.08691581352
2020-05-15	0.08325820933	-0.007833783426	-0.00826450985	-0.03974121653
2020-05-22	0.06115931378	0.03568843474	0.001909074134	0.08771758366
2020-05-29	-0.01684786636	-0.002983529999	-0.001417821156	0.03128770937
2020-06-05	0.005001274789	0.04176512389	0.02132622328	0.08074513598
2020-06-12	0.001400364324	0.02178215315	0.002880462865	-0.0404173305
2020-06-19	0.03614811666	0.03172287153	0.03871046672	0.05002890486
2020-06-26	-0.01154424945	0.01111833448	0.006028423284	0.00301759569
2020-07-02	0.04874335025	0.02920485099	0.04934059198	0.03118704958
2020-07-10	0.0863583544	0.05235285205	0.03529525987	0.05886729351
2020-07-17	-0.02686711447	0.004239333258	-0.05181809751	-0.03146107777
2020-07-24	-0.0006864091268	-0.0393027284	-0.007818338603	-0.04236127919
2020-07-31	0.04040089454	0.1374378054	0.01826242579	-0.03870735495
2020-08-07	0.05361988073	0.04465428054	0.03578910785	0.03431893224
2020-08-14	0.03202768971	0.03358425531	-0.01699219773	0.01364699612
2020-08-21	0.092405112	0.07913353679	0.01953038945	0.002744814834
2020-08-28	0.03595250809	0.003511556618	0.07194285519	0.01955915943
2020-09-04	-0.0407735085	-0.03131263785	-0.06618535573	-0.03226993445
2020-09-11	-0.03695906188	-0.07696104114	-0.04887651562	-0.02254275601
2020-09-18	0.002036643856	-0.04716648305	-0.01800157409	0.01959901206
2020-09-25	0.0546357206	0.04966336325	0.03640685266	-0.01612538725
2020-10-02	0.01453598028	0.006569042708	-0.007874246623	0.02606652895
2020-10-09	0.05223908157	0.03435269746	0.04560031715	0.05005063071
2020-10-16	0.003532278291	0.01737405455	0.01768250541	-0.005387374641
2020-10-23	-0.01614527549	-0.03401165224	-0.01573824037	-0.02179168092
2020-10-30	-0.08091135117	-0.05521724097	-0.06575092856	-0.04691507414
2020-11-06	0.1499704442	0.08645239906	0.09980354253	0.1174846113
2020-11-13	-0.0908769501	0.004790931627	-0.0327585342	0.03233392606
2020-11-20	-0.0158579473	-0.0162302802	-0.02867378454	0.009487962255
2020-11-27	0.0131695206	-0.006412196553	0.02274427256	0.03292765203
2020-12-04	0.02214888675	0.04740462141	-0.004050379149	0.05903105813
2020-12-11	-0.041034679	0.001307937732	-0.005144766037	-0.02564970173
2020-12-18	0.01969232597	0.03409078846	0.02468575045	0.05294449431
2020-12-24	-0.02118423227	0.04110776948	0.01885223731	0.01218346269
2020-12-31	0.00469888153	0.00544095652	-0.00148257996	0.009538498994
2021-01-08	0.01684694901	-0.004834941805	-0.01266870622	0.04219560985
2021-01-15	-0.03193531335	-0.03789179723	-0.03225115847	0.03621178481
2021-01-22	0.0642249878	0.08968856198	0.06066611416	0.07652211737
2021-01-29	-0.0541433915	-0.05247855713	0.02625120715	-0.06397556317
2021-02-05	0.04524337487	0.03572871841	0.04319888811	0.03431894247
2021-02-12	0.09605905819	-0.01021579457	0.01145356227	0.07855966939
2021-02-19	-0.002328710425	-0.04147782008	-0.01654494897	-0.006021537999
2021-02-26	-0.08468448945	-0.06859694948	-0.03629848166	-0.04703447211
2021-03-05	-0.09580977594	0.001318609059	-0.003362217056	-0.0732415743
2021-03-12	0.03116673709	-0.003217160952	0.01776017581	0.01989414423
2021-03-19	-0.0007937187695	-0.008630042774	-0.02317203013	0.01804574107
2021-03-26	-0.0005061300239	0.01011617251	0.02626374638	0.1336067433
2021-04-01	0.07301251962	0.01465977689	0.02451932453	0.01810355357
2021-04-09	0.04170490732	0.07812717816	0.05420837296	-0.004373070158
2021-04-16	0.0998767573	0.008721583985	0.01893240698	0.01776595348
2021-04-23	-0.04152268509	0.001191895254	0.001571212648	0.03831548736
2021-04-30	-0.01689894483	-0.02152238993	-0.03495183664	-0.03458999438
2021-05-07	-0.01322541727	-0.009554091095	0.00110970208	0.0160258123
2021-05-14	-0.03919235874	-0.02142440092	-0.01721941829	-0.01655056036
2021-05-21	0.05123782701	-0.01597629679	-0.01208155456	-0.0132715743
2021-05-28	0.08025100499	-0.006558974082	0.01822825049	0.05516006179
2021-06-04	0.07891079684	0.01021964982	0.004435837593	0.01152525692
2021-06-11	0.01395360967	0.01153069165	0.02791720186	0.01989444965
2021-06-18	0.04462126788	0.02412746494	0.005953779282	-0.037954998
2021-06-25	0.0208291642	0.02010918769	0.02131837814	0.02231024989
2021-07-02	0.07372131011	0.05018081344	0.04655603285	0.001936306337
2021-07-09	-0.02154642241	0.036135408	0.001043935371	0.005540662517
2021-07-16	-0.0989676785	0.00878221768	0.01005933056	-0.00571521305
2021-07-23	0.07410797215	0.01471462386	0.03127775039	0.0846446671
2021-07-30	-0.003021227687	-0.01834165949	-0.01656900309	0.02455763461
2021-08-06	0.04350366155	0.001917808807	0.01584377729	0.0213424702
2021-08-13	-0.008778475271	0.02005215541	0.01164341433	0.00722539143
2021-08-20	0.03063355329	-0.006121987569	0.03855067877	-0.0009891323073
2021-08-27	0.08381963751	0.002762898082	-0.01536250581	0.05521110897
2021-09-03	0.009103165393	0.03764062709	0.004726567399	0.02978887048
2021-09-10	-0.01610767158	-0.03515381598	-0.01819602855	0.0008911021426
2021-09-17	-0.02605041627	-0.0197274472	0.01396980306	0.001140383665
2021-09-24	0.008230873416	0.00587072476	-0.001735590035	0.01037801374
2021-10-01	-0.06255688007	-0.02949414329	-0.03484080835	-0.1580428235
2021-10-08	0.004281631634	0.001751007276	0.01969410342	-0.01567881691
2021-10-15	0.04830770807	0.01348459996	0.03125149995	0.07785883446
2021-10-22	0.03875967362	0.02623391681	0.01614068984	0.01455032995
2021-10-29	0.1177928139	0.007437469374	0.07013079283	0.01476000399
2021-11-05	0.1515938992	0.009831353267	0.01329998038	0.04111719747
2021-11-12	0.02121725031	-0.008563799143	0.001962009013	0.005451465553
2021-11-19	0.08193930575	0.06803679533	0.018799371	0.006484105115
2021-11-26	-0.04597013328	-0.02357053914	-0.03992860843	-0.09175594965
2021-12-03	-0.02604816383	0.03157331147	-0.02043920453	-0.01351772067
2021-12-10	-0.01625891854	0.1032884247	0.05870515671	0.01328752104
2021-12-17	-0.08270370575	-0.0474146826	-0.05626239796	-0.04175025786
2021-12-23	0.06405280916	0.02959170498	0.03307868903	0.06647281811
2021-12-31	-0.0077560464	0.007291257397	0.00485835742	-0.006597626511
2022-01-07	-0.07642533072	-0.03088253658	-0.06854272136	-0.05160140721
2022-01-14	-0.01125701603	0.005213776149	-0.01230311559	-0.01542049575
2022-01-21	-0.1420621138	-0.06357213475	-0.0467564502	-0.06922986594
2022-01-28	-0.02311090872	0.04761372969	0.04048278218	-0.07431947679
2022-02-04	0.06274455304	0.01202162003	-0.007554578423	0.01208231807
2022-02-11	-0.0153313685	-0.02199308655	-0.03627806393	-0.03836386309
2022-02-18	-0.012901778	-0.00797765736	-0.02439354533	0.03070605719
2022-02-25	0.02154940184	-0.01475263848	0.03205797046	0.02934162352
2022-03-04	-0.05186646459	-0.01024336741	-0.0253773177	-0.1155520449
2022-03-11	-0.03713012006	-0.0531109396	-0.03435847587	-0.01435411073
2022-03-18	0.1797919649	0.05806280667	0.07017520982	0.1488231105
2022-03-25	0.04577398939	0.06344022339	0.01075973367	0.01097127782
2022-04-01	-0.03603066017	-0.00234936933	0.01872506187	-0.02897427223
2022-04-08	-0.1444581124	-0.0245076145	-0.04106845369	-0.08890151389
2022-04-14	-0.08392149516	-0.0286262018	-0.05944884767	-0.02160904731
2022-04-22	-0.08554989448	-0.02140230891	-0.02094468648	0.01615988977
2022-04-29	-0.05087534973	-0.02592181203	0.01265541322	-0.07488686188
2022-05-06	0.006877680112	-0.002349729592	-0.01010420548	-0.02291155775
2022-05-13	-0.05328216583	-0.06684705014	-0.05080872541	-0.004875751027
2022-05-20	-0.05885419176	-0.06690235782	-0.03333122753	-0.02863786664
2022-05-27	0.1193924317	0.08395416104	0.07870168561	0.09061758357
2022-06-03	-0.004849334061	-0.02888140542	-0.01185449953	-0.03440528356
2022-06-10	-0.0979097095	-0.05842162304	-0.06514606807	-0.07766669234
2022-06-17	-0.06662230573	-0.04146635969	-0.02133350322	-0.09693172658
2022-06-24	0.07553732079	0.073966799	0.07785049149	0.08483655506
2022-07-01	-0.164864177	-0.01945961116	-0.03080201027	-0.135801894
2022-07-08	0.08667851616	0.05673444945	0.03065257811	0.006912010505
2022-07-15	-0.004810135857	0.02106332708	-0.04173152157	0.04885849693
2022-07-22	0.09420218482	0.0257688616	0.0140792919	0.1162423708
2022-07-29	0.04758239302	0.05320269104	0.0753636854	0.07251304134
2022-08-05	0.04447330638	0.01732490109	0.007699851756	0.004983730741
2022-08-12	-0.01485517264	0.04001126379	0.03131670972	-0.002341170093
2022-08-19	-0.04705720726	-0.003375825335	-0.01992938673	-0.05477546872
2022-08-26	-0.09323938013	-0.0471532118	-0.06519340382	-0.06696967339
2022-09-02	-0.1751883869	-0.04890934986	-0.04591095301	-0.08755704456
2022-09-09	0.0528053038	0.009962404384	0.03227821911	0.06987007391
2022-09-16	-0.08625971809	-0.04330861498	-0.07749358857	-0.06974165475
2022-09-23	-0.05305747715	-0.001793245923	-0.02826193985	-0.06890115361
2022-09-30	-0.03058441589	-0.08479594838	-0.02132530582	-0.04884175444
2022-10-07	-0.005203398071	0.01358316187	0.005737053883	0.04452189478
2022-10-14	-0.07289842037	-0.01228154914	-0.02454747285	-0.1357642789
2022-10-21	0.1046833469	0.06226411267	0.0576347131	0.1981834485
2022-10-28	0.1041243918	0.05592031341	-0.02615266523	0.0566679172
2022-11-04	0.0230092323	-0.1181844261	-0.06335495366	-0.04263960951
2022-11-11	0.1426816167	0.07862976735	0.1099077295	0.2067803476
2022-11-18	-0.05786842484	0.01056523333	-0.02412420147	0.02859291914
2022-11-25	0.05437116693	-0.02124328382	0.025660797	-0.002227849023
2022-12-02	0.03656957303	-0.002027575715	0.0299717963	0.02316499559
2022-12-09	0.007379671593	-0.03897448138	-0.03837094491	-0.01331236784
2022-12-16	-0.02561798621	-0.05531463813	-0.002978925302	-0.03990222356
2022-12-23	-0.08596409284	-0.01989779204	-0.02465889703	-0.04078064212
2022-12-30	-0.03971011344	-0.01474490979	0.004555435733	-0.009054781889
2023-01-06	0.01662576891	-0.002388750895	-0.06409939926	0.08663764928
2023-01-13	0.1286487063	0.03888832554	0.06163618958	0.1017810702
2023-01-20	0.05413262319	0.02281579365	0.004129737854	-0.01656846253
2023-01-27	0.1324306693	0.0568158425	0.0325185293	0.0281730175
2023-02-03	0.03545529938	0.05706704166	0.0402415553	0.01815923575
2023-02-10	0.007789488224	-0.02284803655	0.01821893331	-0.03483963519
2023-02-17	0.005767488381	0.01014635137	-0.01934207202	-0.00675698905
2023-02-24	0.08502230453	-0.03903456201	-0.03485607551	-0.05283403898
2023-03-03	0.02560763972	0.02902064343	0.02406411336	0.0302628688
2023-03-10	-0.03948864356	-0.01689353434	-0.02659520087	-0.05842173288
2023-03-17	0.1134919639	0.04284015868	0.116946861	0.05261558473
2023-03-24	0.04015471655	0.03330997888	0.004071434196	0.02160524868
2023-03-31	0.03659034187	0.02860413376	0.02717835645	0.04997124656
2023-04-06	-0.02700204186	-0.001456487695	0.01138139549	-0.0352697209
2023-04-14	-0.01037280422	0.003334650072	-0.0189017986	0.01372327555
2023-04-21	0.01340109518	-0.001150713266	-0.00132890385	-0.04879992105
2023-04-28	0.02296521427	0.02784763158	0.07254199701	0.003759846484
2023-05-05	0.03300021222	0.02266666598	0.01097258181	0.02091469824
2023-05-12	-0.01192578147	-0.005778024973	-0.005422691704	-0.004330311968
2023-05-19	0.0981930416	0.01489689067	0.0298758092	0.06933772304
2023-05-26	0.2197087954	0.001540261008	0.04469211108	0.058663045
2023-06-02	0.009735234604	0.03098064707	0.00751174431	-0.01544622584
2023-06-09	-0.0142645542	5.526235806e-05	-0.02600608663	-0.01220416255
2023-06-16	0.09636479737	0.02164728675	0.04645742135	0.008374302977
2023-06-23	-0.01137808061	0.009472621962	-0.02158495258	-0.03379742287
2023-06-30	0.002200897813	0.03830758685	0.01634236146	0.03776527058
2023-07-07	0.004740295416	-0.01710687759	-0.009797056643	-0.03941445389
2023-07-14	0.0674561134	5.244250991e-05	0.023504291	0.07900657895
2023-07-21	-0.02584295838	0.006533750343	-0.004266998245	-0.08386954803
2023-07-28	0.05362643905	0.02006411274	-0.01583285779	0.03543541182
2023-08-04	-0.04528828153	-0.07329519542	-0.03179731968	-0.0577784734
2023-08-11	-0.08949676136	-0.02334866198	-0.02087037634	-0.02427310883
2023-08-18	0.05810032722	-0.01873564512	-0.01421222686	-0.009794248864
2023-08-25	0.06090308424	0.02333722451	0.02033035337	-0.006613922482
2023-09-01	0.05271672344	0.05897326253	0.01743337995	0.01752574301
2023-09-08	-0.0624558549	-0.06138364515	0.01692526789	-0.0537335344
2023-09-15	-0.03737917275	-0.01795116014	-0.01218995064	-0.05096977476
2023-09-22	-0.05357379709	-0.001257861801	-0.04082577988	-0.01615227385
2023-09-29	0.04439742633	-0.02069438013	-0.00398255789	0.002653604333
2023-10-06	0.05071610309	0.03602339608	0.03580420077	0.01467117932
2023-10-13	-0.006599236867	0.007633196405	0.001435136661	0.003992954992
2023-10-20	-0.09388799368	-0.03394975351	-0.003239611635	-0.03331239925
2023-10-27	-0.02166484775	-0.02732506566	0.009566244047	0.01692203443
2023-11-03	0.1054716206	0.04889772727	0.06738459306	0.08510419224
2023-11-10	0.07138234121	0.05372452845	0.04670939164	0.02895062163
2023-11-17	0.01972757636	0.01749625849	0.0004868022597	0.03683146369
2023-11-24	-0.03136009092	0.001475004218	0.020287603	0.00739146743
2023-12-01	-0.02138836147	0.006663018801	-0.007766616161	0.001474649315
2023-12-08	0.01572095897	0.02310478796	-0.0007479232125	0.006092354455
2023-12-15	0.02871685774	0.009458980208	-0.009396546802	0.07804481988
2023-12-22	-0.001227998517	-0.02029877708	0.01033136345	-0.000571242601
2023-12-29	0.01407213721	-0.005542189101	0.003890122409	0.005816704598
2024-01-05	-0.008619082145	-0.0607609735	-0.02229216123	-0.07341715111
2024-01-12	0.1082485749	0.02582546142	0.05481258727	0.01394951179
2024-01-19	0.08377853253	0.02988460181	0.02591806026	0.06066915786
2024-01-26	0.0255568912	0.004479407459	0.01310758861	0.1354445687
2024-02-02	0.08069411891	-0.03474058619	0.01788675547	0.02605910619
2024-02-09	0.08643558651	0.01601315242	0.02243502732	0.06407808236
2024-02-16	0.00663233194	-0.03524451434	-0.03999999662	-0.02199669214
2024-02-23	0.08198474048	0.001151221244	0.01542270255	0.004628966642
2024-03-01	0.04298720145	-0.01579358026	0.01249652996	0.0599808698
2024-03-08	0.06184283109	-0.05098281452	-0.02258772953	0.003415155918
2024-03-15	0.00351838962	0.01100928551	0.02479948156	-0.05596588894
2024-03-22	0.07088740205	-0.001971586606	0.02915630827	0.04140849994
2024-03-28	-0.0426071106	-0.004654418456	-0.01888314531	-0.009731264275
2024-04-05	-0.02632970381	-0.01114184985	0.01134442115	0.009312792304
2024-04-12	0.002020500818	0.0402793305	-0.008543631304	-0.01824516587
2024-04-19	-0.1460867576	-0.06765864847	-0.05550619558	-0.1124507542
2024-04-26	0.1409594449	0.02572681524	0.01787890294	0.06685611522
2024-05-03	0.01194186089	0.07988821348	0.0008364289892	-0.01904924129
2024-05-10	0.01219042673	-0.001801163056	0.01967436239	0.03129212914
2024-05-17	0.02852839654	0.03658028789	0.01310276845	-0.005735060942
2024-05-24	0.1408722712	0.0005791760067	0.02340264618	0.03322670755
2024-05-31	0.02928456112	0.01187780492	-0.03556550831	0.004309789251
2024-06-07	0.09772607303	0.02384858877	0.02078789487	0.06848112154
2024-06-14	0.08702792109	0.07624973128	0.04321902497	-0.0005057578695
2024-06-21	-0.0410969034	-0.0238117827	0.0161599303	0.008428240737
2024-06-28	-0.02423052454	0.01497241621	-0.006311842796	-0.01347060426
2024-07-05	0.01836679934	0.07198273159	0.04508095121	0.0493613011
2024-07-12	0.02673935135	0.01838608964	-0.03042216568	0.009982766003
2024-07-19	-0.09157991285	-0.02739535949	-0.03692063739	-0.1923378279
2024-07-26	-0.04217257685	-0.02871746397	-0.02746061834	-0.007826204901
2024-08-02	-0.05256963064	0.008679420436	-0.04025682713	-0.09317937939
2024-08-09	-0.02377246181	-0.01660207818	-0.006065014724	0.06134026334
2024-08-16	0.173371521	0.04436731177	0.0302027833	0.06534436683
2024-08-23	0.0377284361	0.003488709405	-0.004022704943	-0.01248701819
2024-08-30	-0.08044860282	0.009477080408	0.0008393990396	-0.003743523611
2024-09-06	-0.1491507739	-0.03637411354	-0.0377163555	-0.1828992403
2024-09-13	0.1468863371	0.007579211595	0.06945081989	0.0810691297
2024-09-20	-0.02637328525	0.02529533582	0.01081016694	-0.02616118024
2024-09-27	0.04550068752	-0.001798285535	-0.01679660473	0.05653929276
2024-10-04	0.02858265379	-0.00435558004	-0.02834044283	-0.0101999045
2024-10-11	0.07611866606	0.003301422609	0.0006247146939	0.009189341054
2024-10-18	0.02346148668	0.03221551968	0.004409939081	-0.150454213
2024-10-25	0.02532867749	-0.01539448511	0.02360946707	-0.01611229593
2024-11-01	-0.04434900217	-0.03742292648	-0.0424144097	-0.05334386345
2024-11-08	0.08647578307	0.01800568795	0.0292249251	-0.007826256283
2024-11-15	-0.03902294093	-0.008673388296	-0.01800559664	-0.01632443449
2024-11-22	-0.0002113196923	0.02141352953	0.004807701568	0.02140508758
2024-11-29	-0.02641124252	0.03193764597	0.01537283683	0.02019943778
2024-12-06	0.02985721801	0.02295121256	0.04639656607	0.03206087195
2024-12-13	-0.05921712502	0.02155001211	0.008306814413	0.01344972501
2024-12-20	0.003346350027	0.02530874012	-0.02414499499	-0.01811516545
2024-12-27	0.01700383245	0.00431305562	-0.01400043626	0.01114669076
2025-01-03	0.05301795768	-0.0490327696	-0.01681774776	0.001078469239
2025-01-10	-0.06107897157	-0.02711479914	-0.01044767903	0.0339244157
2025-01-17	0.01315712277	-0.02943468075	0.02377526549	0.02316633622
2025-01-24	0.03503372586	-0.0318076112	0.03443284188	-0.03235580317
2025-01-31	-0.1721088446	0.05764706761	-0.06753660034	0.009595333072
2025-02-07	0.07822801716	-0.03611030127	-0.01287587047	-0.01582844343
2025-02-14	0.06709129055	0.07190271949	-0.003226676637	0.03224886523
2025-02-21	-0.03235059629	0.003876369232	-0.0005387931165	-0.01926495004
2025-02-28	-0.07337008505	-0.01522424201	-0.02787065642	-0.0389044354
2025-03-07	-0.1030328465	-0.01151995439	-0.009312986455	0.03211266011
2025-03-14	0.07667177584	-0.1131664029	-0.01215050696	-0.02519805291
2025-03-21	-0.03317344753	0.02214283539	0.006924702596	0.003104419995
2025-03-28	-0.07066315749	-0.0016965866	-0.03236393932	-0.05989710735
2025-04-04	-0.1508886282	-0.1455750426	-0.0513488731	-0.107953139
2025-04-11	0.1623121432	0.05056312024	0.07650497319	0.09936287784
2025-04-17	-0.08893910029	-0.005922118895	-0.05467952808	-0.0437818687
2025-04-25	0.08966001588	0.06057086753	0.06339418019	0.05635186661
2025-05-02	0.03095453565	-0.01895722787	0.1051103887	0.01909973241
2025-05-09	0.01860317547	-0.03377561819	0.007894687518	0.02274289956
2025-05-16	0.149055362	0.06214938019	0.03480754523	0.05762401519
2025-05-23	-0.03082474353	-0.07870638614	-0.00904423214	-0.02108696996
2025-05-30	0.0288286611	0.02817514455	0.02236128931	0.005826078579
2025-06-06	0.04761600195	0.01516939926	0.02153208657	0.02181602037
2025-06-13	0.001762487678	-0.03731981406	0.009689711289	0.01054156999
2025-06-20	0.01315532232	0.02289696205	0.005124123942	-0.005891169108
2025-06-27	0.09224041142	0.0003979307653	0.03810023776	0.05079418105
2025-07-03	0.01002878253	0.06016815846	0.005830451387	-0.001823383824
2025-07-11	0.03442022389	-0.01125485733	0.008940747671	0.009308336285
2025-07-18	0.04441485335	9.471042295e-05	0.0132826094	-0.08772241495
2025-07-25	0.006302238199	0.0127042597	0.00715014377	-0.03227492187
2025-08-01	0.00126720828	-0.05526799178	0.02004268206	-0.03059329145
2025-08-08	0.05040065572	0.1251021027	-0.003957372655	0.04603756001
2025-08-15	-0.0123917323	0.009719345831	-0.003588532075	0.02709659935
2025-08-22	-0.01372636215	-0.0166761239	-0.02519113159	0.01700718993
2025-08-29	-0.02163812167	0.01904819497	-0.001065172895	-0.01638756949
2025-09-05	-0.04197568154	0.03200578381	-0.02334161417	0.05128656145
2025-09-12	0.06265823697	-0.02372620583	0.02965686549	0.04032961286
2025-09-19	-0.006488217068	0.04767673131	0.01562546993	0.1356930979
2025-09-26	0.008566811115	0.03976889438	-0.01257071703	0.02056696002
2025-10-03	0.05156824396	0.009971259682	0.01145024709	0.08140639566
2025-10-10	-0.02405855291	-0.05067745674	-0.0124283188	-0.09764865429
2025-10-17	0.0003275287982	0.02821957495	0.005114501554	0.09478664476
2025-10-24	0.01645593051	0.04089016771	0.01934132159	0.003714177769
2025-10-31	0.08354695552	0.02832200405	-0.0111387528	0.02497823819
2025-11-07	-0.07345098557	-0.007052215405	-0.04138059215	-0.04072444414
2025-11-14	0.01067889192	0.01456910846	0.02653581717	-0.00986203236
2025-11-21	-0.061203219	-0.003382978038	-0.07753041406	-0.04095730924
2025-11-28	-0.01056545739	0.02674869655	0.04126585093	0.0922704648
2025-12-05	0.03010716812	-0.0002510625338	-0.01815117975	0.03655933739
2025-12-12	-0.04135664759	-0.001795139246	-0.009628956885	-0.01708047689
2025-12-19	0.03354152801	-0.01670480008	0.01532509644	-0.02324064412
2025-12-26	0.05136788136	-0.0009870766883	0.003676965617	0.01571832039
2026-01-02	-0.008856613325	-0.008780203722	-0.03075243636	0.08144788312
2026-01-09	-0.02135426732	-0.04390010688	0.01331644722	0.09039403318
2026-01-16	0.007383687107	-0.01491579411	-0.04136288244	0.06436531479
2026-01-23	0.00770263236	-0.0297497961	0.0131562369	0.02218018508
2026-01-30	0.01826872349	0.04508960486	-0.07961893226	0.02415445805
2026-02-06	-0.03038423569	0.06937304689	-0.07014890642	-0.00704513829
2026-02-13	-0.01412222699	-0.08373497523	0.0004486204995	-0.00453962661
2026-02-20	0.03762889258	0.03382596303	-0.01024365604	0.04380089611
2026-02-27	-0.06885365153	-0.001512974039	-0.0113676427	-0.01303376155
2026-03-06	0.003549199523	-0.02576632076	0.04046953643	-0.11513928
2026-03-13	0.01357297347	-0.02892356553	-0.03334015028	0.04009648388
2026-03-20	-0.04278879101	-0.008552379928	-0.03519696492	-0.02136066255
2026-03-27	-0.03045323803	0.003260938094	-0.0679889201	-0.01128376836
2026-04-02	0.05724795138	0.02821553478	0.04571958734	0.01126858509
2026-04-10	0.06143672586	0.01766118717	-0.006959306902	0.1153482029
2026-04-17	0.06689485852	0.03674736542	0.131024005	-0.01257980974
2026-04-24	0.03215303197	0.003066750358	0.004319049444	-0.001439588938
2026-05-01	-0.04829813562	0.03294927962	-0.02426643993	-0.02127149728
2026-05-08	0.08103064906	0.04597468501	0.001639423676	0.1094152963
2026-05-15	0.04595378574	0.02328468436	0.01624808755	-0.05833260282
2026-05-22	-0.04534987891	0.02820973531	-0.007971582624	0.08368652779
2026-05-29	-0.01965031456	0.01043689412	0.07293663395	-0.01241057813
2026-06-05	-0.02902375548	-0.01524085039	-0.07748623233	0.01780965801
2026-06-12	0.0004387140873	-0.05418472382	-0.06425216443	0.1267266158
2026-06-18	0.02645147967	0.02335714018	-0.02945131966	0.03487091525
2026-06-26	-0.0901358731	-0.04892775291	-0.01709307005	-0.0725608857
2026-07-02	0.01187539772	0.08394385835	0.0459043733	-0.01419800839
2026-07-10	0.07954115859	0.02144484777	-0.01389931994	0.01570137454
2026-07-17	-0.03939896188	0.05677425053	0.0223909113	-0.02806469275
2026-07-24	0.01967596736	-0.002159698482	-0.03125899237	0.005427057807
2026-07-31	-0.0298851947	-0.0751525759	0.1968001139	-0.07569270195
2026-08-07	0.1094071117	0.0142069759	0.07315302454	0.06648758732
2026-08-14	0.005343796115	-0.02390063063	-0.009222581167	0.0575265912
2026-08-21	-0.04747640681	0.01111700436	-0.0248520924	-0.04453261423
2026-08-28	0.01309385538	0.03290973409	0.0607950256	-0.03908102136
2026-09-04	0.05721459347	0.0008441853332	-0.0273005319	0.01097623478
2026-09-11	-0.05381884865	0.03772065002	-0.00817823774	-0.009715356596
2026-09-18	0.01806840511	0.01155009848	-0.003739606747	-0.01088157749
2026-09-25	0.01251860583	0.01458974491	0.04434609472	0.03740074799
2026-10-02	0.03869595238	-0.02187531654	0.002631325887	0.06835197133
