Datum;Nummer 1;Nummer 2;Nummer 3;Nummer 4
2026-10-02;7;1;4;9
2026-09-25;5;6;9;7
2026-09-18;5;5;3;3
2026-09-11;1;8;3;3
2026-09-04;8;4;1;5
2026-08-28;5;8;9;1
2026-08-21;1;5;1;1
2026-08-14;4;1;3;8
2026-08-07;9;6;9;9
2026-07-31;2;0;9;0
2026-07-24;5;3;1;4
2026-07-17;2;9;7;2
2026-07-10;8;6;2;6
2026-07-02;5;9;9;2
2026-06-26;0;0;2;0
2026-06-18;6;7;1;7
2026-06-12;4;0;0;9
2026-06-05;2;2;0;6
2026-05-29;3;5;9;3
2026-05-22;1;7;3;9
2026-05-15;7;7;6;0
2026-05-08;8;8;4;9
2026-05-01;1;8;1;2
2026-04-24;6;4;4;4
2026-04-17;8;8;9;3
2026-04-10;8;6;3;9
2026-04-02;8;7;9;5
2026-03-27;2;4;0;3
2026-03-20;1;3;0;2
2026-03-13;5;1;1;8
2026-03-06;4;1;8;0
2026-02-27;1;4;2;3
2026-02-20;7;8;3;8
2026-02-13;3;0;4;3
2026-02-06;2;9;0;3
2026-01-30;5;8;0;6
2026-01-23;4;1;6;6
2026-01-16;4;2;0;8
2026-01-09;2;0;6;9
2026-01-02;3;3;1;9
